CaseId,Authorization,password,alias,phone,qq,avatar,profile,code,success,error_message,cover
1.4.1,member,123456,滑大稽,12356839487,123456,http://www.baidu.com,搞个大新闻,200,TRUE,,1，6，8，10，14，17，19
1.4.2,INVALID,123456,滑大稽,12356839487,123456,http://www.baidu.com,搞个大新闻,422,,Token_Invalid,2
1.4.3,EXPIRED,123456,滑大稽,12356839487,123456,http://www.baidu.com,搞个大新闻,422,,Token_Invalid,3
1.4.4,client,123456,滑大稽,12356839487,123456,http://www.baidu.com,搞个大新闻,422,,Token_Invalid,4
1.4.5,NONE,123456,滑大稽,12356839487,123456,http://www.baidu.com,搞个大新闻,422,,Token_Invalid,5
1.4.6,member,123456789012345678901,滑大稽,12356839487,123456,http://www.baidu.com,搞个大新闻,422,,Validation_Failed,7
1.4.7,member,123456,123456789012345678901,12356839487,123456,http://www.baidu.com,搞个大新闻,422,,Validation_Failed,9
1.4.8,member,123456,滑大稽,1235683948,123456,http://www.baidu.com,搞个大新闻,422,,Validation_Failed,11
1.4.9,member,123456,滑大稽,123456789011,123456,http://www.baidu.com,搞个大新闻,422,,Validation_Failed,13
1.4.10,member,123456,滑大稽,1235683948A,123456,http://www.baidu.com,搞个大新闻,422,,Validation_Failed,21
1.4.11,member,123456,滑大稽,12356839487,123456789012345678901,http://www.baidu.com,搞个大新闻,422,,Validation_Failed,15
1.4.12,member,123456,滑大稽,12356839487,AAA,http://www.baidu.com,搞个大新闻,422,,Validation_Failed,16
1.4.13,member,123456,滑大稽,12356839487,123456,yfzcmbufqvhwmnghocbkbiqycbzurqpsjsqmwerdqpmtvxobubgscsadpznylxcnybruznodcrjaqwqjrilrvxcvgvspqqhjouwactgjjfhevwgqtximcegzqqukvuproqqwdjhetqtcmqmoywslodcklaiviijgvgaxtnkzohmyfvegcqwvjmlxafflejpelqyccxdvehjfvytaxnxhtjaefptsanftxgnbwiquhztyslexnweqwltiamjlotzt,搞个大新闻,422,,Validation_Failed,18
1.4.14,member,123456,滑大稽,12356839487,123456,http://www.baidu.com,amlotyjvdytmxuqkojgvaubyzxdavonnnhnewgpbruojxbsghtqxbnzwiixpvvvqacysgshlmjcvooicgozssxxerirbixfrzycnnpkalgldrcflbysqfkozizhrdrockhasrjvsjlpnpbqxkpgslauerdtvcufazimeqzofqguhblmzhcddwqidawybblxuvfwxjgdsqsiifkqtlahpjmkgwoysklxbvxuypzjfertrzxqccdhyhhumdtkmohzomcgeinvdwrcbkfgpcmncbtezfimfyzhxqyczsakbjnvxegbxkxoeubdldanznykpuohvwkjiqcggiqxxkbkugdxgedzidcyzuunoaymmryhhtvlccpuwvtduoiazlraflbimqdqrysoskwrxqymdcgiwywoawnlllyphxoloqxfafcefpucpaipswpmpxtoqydzcgevrfhpzxiugpxvcczfaymejnvizravhnzumqufnpwghjpkhxeqwqdayalutyqbstaxwzmtuvrafickunqnxifbgrphiilvanixdfbxnxxnsagpkhbhcfsvhxvgmxvzrykvbmhvuvrvjrelviemzjfdxpdokaoyypblxwtqozohuelckuxizoygtnzbhstxgshzzztuuvcmkmxefurfupkzpmwiodtvzkpoeqodvpwgontrewatpicyasbrqmnsjcufugjonojcqrloikaaczmirftowcjkwtwnbqxhqexbslscukhaddetzhoaragfxugwlitqnveocoqtmapuksltyxfborczqfmhquoterfltwcmwnpzgwmcweheltzutpyxaddryggjdhkhziazbneoigiejmqvctrpowwyhbzfsfcyeodmfoaeerptclldndxoqyjfobzirntmuqglqtgldvplzuhawbjuopayzgxuvnzkdeqyjdjqlrhphaswodeylarninuwfenoeszutfmkovjjcqwkhfkyn1,422,,Validation_Failed,20
1.4.15,member,12345678901234567890,滑大稽,12356839487,123456,http://www.baidu.com,搞个大新闻,200,TRUE,,
1.4.16,member,1234567890123456789,滑大稽,12356839487,123456,http://www.baidu.com,搞个大新闻,200,TRUE,,
1.4.17,member,123456,12345678901234567890,12356839487,123456,http://www.baidu.com,搞个大新闻,200,TRUE,,
1.4.18,member,123456,1234567890123456789,12356839487,123456,http://www.baidu.com,搞个大新闻,200,TRUE,,
1.4.19,member,123456,滑大稽,12356839487,12345678901234567890,http://www.baidu.com,搞个大新闻,200,TRUE,,
1.4.20,member,123456,滑大稽,12356839487,1234567890123456789,http://www.baidu.com,搞个大新闻,200,TRUE,,
1.4.21,member,123456,滑大稽,12356839487,123456,leiyvonylwdvzkmacfdgtfvedzxmnhcnlvgpagpjamovsvjtlteqzslwelxcgbgxsctdbuthbxzrrqxefowrkykoyimuppllirbgnowjcxxrxdrzwmczbywwyqgtglkzvuibwpsfbuygvztoummcxulktpccodzriqjqsbismwfcsejyfzofgwnyndzxiwplnsbdsyazzwlifesooskbujoxqyfxsgcabbuidnjwgfwifajkwpgodzxgzadjluv,搞个大新闻,200,TRUE,,
1.4.22,member,123456,滑大稽,12356839487,123456,leiyvonylwdvzkmacfdgtfvedzxmnhcnlvgpagpjamovsvjtlteqzslwelxcgbgxsctdbuthbxzrrqxefowrkykoyimuppllirbgnowjcxxrxdrzwmczbywwyqgtglkzvuibwpsfbuygvztoummcxulktpccodzriqjqsbismwfcsejyfzofgwnyndzxiwplnsbdsyazzwlifesooskbujoxqyfxsgcabbuidnjwgfwifajkwpgodzxgzadjlu,搞个大新闻,200,TRUE,,
1.4.23,member,123456,滑大稽,12356839487,123456,http://www.baidu.com,amlotyjvdytmxuqkojgvaubyzxdavonnnhnewgpbruojxbsghtqxbnzwiixpvvvqacysgshlmjcvooicgozssxxerirbixfrzycnnpkalgldrcflbysqfkozizhrdrockhasrjvsjlpnpbqxkpgslauerdtvcufazimeqzofqguhblmzhcddwqidawybblxuvfwxjgdsqsiifkqtlahpjmkgwoysklxbvxuypzjfertrzxqccdhyhhumdtkmohzomcgeinvdwrcbkfgpcmncbtezfimfyzhxqyczsakbjnvxegbxkxoeubdldanznykpuohvwkjiqcggiqxxkbkugdxgedzidcyzuunoaymmryhhtvlccpuwvtduoiazlraflbimqdqrysoskwrxqymdcgiwywoawnlllyphxoloqxfafcefpucpaipswpmpxtoqydzcgevrfhpzxiugpxvcczfaymejnvizravhnzumqufnpwghjpkhxeqwqdayalutyqbstaxwzmtuvrafickunqnxifbgrphiilvanixdfbxnxxnsagpkhbhcfsvhxvgmxvzrykvbmhvuvrvjrelviemzjfdxpdokaoyypblxwtqozohuelckuxizoygtnzbhstxgshzzztuuvcmkmxefurfupkzpmwiodtvzkpoeqodvpwgontrewatpicyasbrqmnsjcufugjonojcqrloikaaczmirftowcjkwtwnbqxhqexbslscukhaddetzhoaragfxugwlitqnveocoqtmapuksltyxfborczqfmhquoterfltwcmwnpzgwmcweheltzutpyxaddryggjdhkhziazbneoigiejmqvctrpowwyhbzfsfcyeodmfoaeerptclldndxoqyjfobzirntmuqglqtgldvplzuhawbjuopayzgxuvnzkdeqyjdjqlrhphaswodeylarninuwfenoeszutfmkovjjcqwkhfkyn,200,TRUE,,
1.4.24,member,123456,滑大稽,12356839487,123456,http://www.baidu.com,amlotyjvdytmxuqkojgvaubyzxdavonnnhnewgpbruojxbsghtqxbnzwiixpvvvqacysgshlmjcvooicgozssxxerirbixfrzycnnpkalgldrcflbysqfkozizhrdrockhasrjvsjlpnpbqxkpgslauerdtvcufazimeqzofqguhblmzhcddwqidawybblxuvfwxjgdsqsiifkqtlahpjmkgwoysklxbvxuypzjfertrzxqccdhyhhumdtkmohzomcgeinvdwrcbkfgpcmncbtezfimfyzhxqyczsakbjnvxegbxkxoeubdldanznykpuohvwkjiqcggiqxxkbkugdxgedzidcyzuunoaymmryhhtvlccpuwvtduoiazlraflbimqdqrysoskwrxqymdcgiwywoawnlllyphxoloqxfafcefpucpaipswpmpxtoqydzcgevrfhpzxiugpxvcczfaymejnvizravhnzumqufnpwghjpkhxeqwqdayalutyqbstaxwzmtuvrafickunqnxifbgrphiilvanixdfbxnxxnsagpkhbhcfsvhxvgmxvzrykvbmhvuvrvjrelviemzjfdxpdokaoyypblxwtqozohuelckuxizoygtnzbhstxgshzzztuuvcmkmxefurfupkzpmwiodtvzkpoeqodvpwgontrewatpicyasbrqmnsjcufugjonojcqrloikaaczmirftowcjkwtwnbqxhqexbslscukhaddetzhoaragfxugwlitqnveocoqtmapuksltyxfborczqfmhquoterfltwcmwnpzgwmcweheltzutpyxaddryggjdhkhziazbneoigiejmqvctrpowwyhbzfsfcyeodmfoaeerptclldndxoqyjfobzirntmuqglqtgldvplzuhawbjuopayzgxuvnzkdeqyjdjqlrhphaswodeylarninuwfenoeszutfmkovjjcqwkhfky,200,TRUE,,
